SemesterCode,SemesterName,CourseCode,Section,Capacity,Enrolled,Source
20201,Fall 2020,102101,1,50,59,Time table 20201.pdf
20201,Fall 2020,102102,1,50,48,Time table 20201.pdf
20201,Fall 2020,102103,1,30,35,Time table 20201.pdf
20201,Fall 2020,102103,2,50,41,Time table 20201.pdf
20201,Fall 2020,102104,1,50,50,Time table 20201.pdf
20201,Fall 2020,102106,1,60,64,Time table 20201.pdf
20201,Fall 2020,102106,2,40,39,Time table 20201.pdf
20201,Fall 2020,102201,1,60,67,Time table 20201.pdf
20201,Fall 2020,102201,2,30,26,Time table 20201.pdf
20201,Fall 2020,103201,1,60,63,Time table 20201.pdf
20201,Fall 2020,103201,2,50,19,Time table 20201.pdf
20201,Fall 2020,103202,1,60,63,Time table 20201.pdf
20201,Fall 2020,103202,2,40,50,Time table 20201.pdf
20201,Fall 2020,103204,1,35,17,Time table 20201.pdf
20201,Fall 2020,103205,1,40,40,Time table 20201.pdf
20201,Fall 2020,103209,1,60,63,Time table 20201.pdf
20201,Fall 2020,103210,1,35,32,Time table 20201.pdf
20201,Fall 2020,103211,1,50,42,Time table 20201.pdf
20201,Fall 2020,103301,2,15,13,Time table 20201.pdf
20201,Fall 2020,103303,2,30,26,Time table 20201.pdf
20201,Fall 2020,103313,1,30,12,Time table 20201.pdf
20201,Fall 2020,103401,1,40,17,Time table 20201.pdf
20201,Fall 2020,103404,1,60,49,Time table 20201.pdf
20201,Fall 2020,103405,1,1,12,Time table 20201.pdf
20201,Fall 2020,103408,1,40,15,Time table 20201.pdf
20201,Fall 2020,202101,1,50,43,Time table 20201.pdf
20201,Fall 2020,202101,2,40,36,Time table 20201.pdf
20201,Fall 2020,202102,1,50,32,Time table 20201.pdf
20201,Fall 2020,202604,1,30,5,Time table 20201.pdf
20201,Fall 2020,202606,1,10,4,Time table 20201.pdf
20201,Fall 2020,203201,1,30,22,Time table 20201.pdf
20201,Fall 2020,203202,1,40,13,Time table 20201.pdf
20201,Fall 2020,203203,1,30,21,Time table 20201.pdf
20201,Fall 2020,203205,1,30,11,Time table 20201.pdf
20201,Fall 2020,203206,1,45,37,Time table 20201.pdf
20201,Fall 2020,203207,1,30,31,Time table 20201.pdf
20201,Fall 2020,203207,2,30,8,Time table 20201.pdf
20201,Fall 2020,203208,1,30,12,Time table 20201.pdf
20201,Fall 2020,203209,1,30,28,Time table 20201.pdf
20201,Fall 2020,203210,1,35,34,Time table 20201.pdf
20201,Fall 2020,203210,2,35,9,Time table 20201.pdf
20201,Fall 2020,203302,1,40,34,Time table 20201.pdf
20201,Fall 2020,203303,1,40,7,Time table 20201.pdf
20201,Fall 2020,203304,1,40,32,Time table 20201.pdf
20201,Fall 2020,203304,2,40,3,Time table 20201.pdf
20201,Fall 2020,203305,1,30,12,Time table 20201.pdf
20201,Fall 2020,203401,1,30,26,Time table 20201.pdf
20201,Fall 2020,203402,1,30,7,Time table 20201.pdf
20201,Fall 2020,203403,2,40,36,Time table 20201.pdf
20201,Fall 2020,203403,3,40,9,Time table 20201.pdf
20201,Fall 2020,203404,1,40,35,Time table 20201.pdf
20201,Fall 2020,203405,1,1,23,Time table 20201.pdf
20201,Fall 2020,203408,1,30,18,Time table 20201.pdf
20201,Fall 2020,203408,2,40,8,Time table 20201.pdf
20201,Fall 2020,302201,1,50,36,Time table 20201.pdf
20201,Fall 2020,302201,2,50,46,Time table 20201.pdf
20201,Fall 2020,303202,1,30,12,Time table 20201.pdf
20201,Fall 2020,303203,1,40,27,Time table 20201.pdf
20201,Fall 2020,303301,1,40,8,Time table 20201.pdf
20201,Fall 2020,303302,1,60,37,Time table 20201.pdf
20201,Fall 2020,303304,1,50,4,Time table 20201.pdf
20201,Fall 2020,303306,1,45,29,Time table 20201.pdf
20201,Fall 2020,303403,1,40,3,Time table 20201.pdf
20201,Fall 2020,303601,1,30,4,Time table 20201.pdf
20201,Fall 2020,403201,1,60,66,Time table 20201.pdf
20201,Fall 2020,403203,1,40,16,Time table 20201.pdf
20201,Fall 2020,403205,1,40,16,Time table 20201.pdf
20201,Fall 2020,403307,1,40,18,Time table 20201.pdf
20201,Fall 2020,403308,1,40,40,Time table 20201.pdf
20201,Fall 2020,403401,1,30,23,Time table 20201.pdf
20201,Fall 2020,403403,1,40,7,Time table 20201.pdf
20201,Fall 2020,403406,1,30,8,Time table 20201.pdf
20201,Fall 2020,500011,1,40,29,Time table 20201.pdf
20201,Fall 2020,500011,2,40,37,Time table 20201.pdf
20201,Fall 2020,500011,3,40,25,Time table 20201.pdf
20201,Fall 2020,500011,4,40,29,Time table 20201.pdf
20201,Fall 2020,500011,5,40,7,Time table 20201.pdf
20201,Fall 2020,500011,6,40,30,Time table 20201.pdf
20201,Fall 2020,500021,1,40,41,Time table 20201.pdf
20201,Fall 2020,500021,2,40,37,Time table 20201.pdf
20201,Fall 2020,500022,1,40,14,Time table 20201.pdf
20201,Fall 2020,500023,1,40,24,Time table 20201.pdf
20201,Fall 2020,500033,1,40,20,Time table 20201.pdf
20201,Fall 2020,500033,2,40,6,Time table 20201.pdf
20201,Fall 2020,502101,1,45,46,Time table 20201.pdf
20201,Fall 2020,502103,1,45,32,Time table 20201.pdf
20201,Fall 2020,502104,1,45,38,Time table 20201.pdf
20201,Fall 2020,502105,1,18,19,Time table 20201.pdf
20201,Fall 2020,502202,2,40,11,Time table 20201.pdf
20201,Fall 2020,502301,2,35,13,Time table 20201.pdf
20201,Fall 2020,502302,1,35,24,Time table 20201.pdf
20201,Fall 2020,503210,1,35,7,Time table 20201.pdf
20201,Fall 2020,503301,1,35,5,Time table 20201.pdf
20201,Fall 2020,503302,1,24,11,Time table 20201.pdf
20201,Fall 2020,503303,1,24,24,Time table 20201.pdf
20201,Fall 2020,503304,1,24,4,Time table 20201.pdf
20201,Fall 2020,503305,1,24,16,Time table 20201.pdf
20201,Fall 2020,503401,1,40,43,Time table 20201.pdf
20201,Fall 2020,503405,1,24,6,Time table 20201.pdf
20201,Fall 2020,503407,1,40,41,Time table 20201.pdf
20201,Fall 2020,503409,1,1,12,Time table 20201.pdf
20201,Fall 2020,503416,1,40,34,Time table 20201.pdf
20201,Fall 2020,503417,1,35,21,Time table 20201.pdf
20201,Fall 2020,503419,1,24,4,Time table 20201.pdf
20201,Fall 2020,602101,1,30,34,Time table 20201.pdf
20201,Fall 2020,602101,2,30,32,Time table 20201.pdf
20201,Fall 2020,602102,2,30,35,Time table 20201.pdf
20201,Fall 2020,602102,3,30,32,Time table 20201.pdf
20201,Fall 2020,602106,1,30,33,Time table 20201.pdf
20201,Fall 2020,602106,2,30,31,Time table 20201.pdf
20201,Fall 2020,602201,1,25,20,Time table 20201.pdf
20201,Fall 2020,602202,1,20,1,Time table 20201.pdf
20201,Fall 2020,602205,1,30,25,Time table 20201.pdf
20201,Fall 2020,603202,1,25,24,Time table 20201.pdf
20201,Fall 2020,603205,1,30,32,Time table 20201.pdf
20201,Fall 2020,603206,2,25,19,Time table 20201.pdf
20201,Fall 2020,603301,1,20,10,Time table 20201.pdf
20201,Fall 2020,603302,1,20,7,Time table 20201.pdf
20201,Fall 2020,603305,1,25,18,Time table 20201.pdf
20201,Fall 2020,603311,1,30,28,Time table 20201.pdf
20201,Fall 2020,603312,1,30,33,Time table 20201.pdf
20201,Fall 2020,603405,1,20,4,Time table 20201.pdf
20201,Fall 2020,700011,1,40,32,Time table 20201.pdf
20201,Fall 2020,700011,2,40,31,Time table 20201.pdf
20201,Fall 2020,700011,3,40,31,Time table 20201.pdf
20201,Fall 2020,700011,4,40,34,Time table 20201.pdf
20201,Fall 2020,700011,5,40,5,Time table 20201.pdf
20201,Fall 2020,700012,1,40,32,Time table 20201.pdf
20201,Fall 2020,700012,2,40,32,Time table 20201.pdf
20201,Fall 2020,700012,3,40,31,Time table 20201.pdf
20201,Fall 2020,700012,4,40,33,Time table 20201.pdf
20201,Fall 2020,700012,5,40,5,Time table 20201.pdf
20201,Fall 2020,700013,1,40,32,Time table 20201.pdf
20201,Fall 2020,700013,2,40,32,Time table 20201.pdf
20201,Fall 2020,700013,3,40,31,Time table 20201.pdf
20201,Fall 2020,700013,4,40,33,Time table 20201.pdf
20201,Fall 2020,700013,5,40,5,Time table 20201.pdf
20201,Fall 2020,700016,1,40,32,Time table 20201.pdf
20201,Fall 2020,700016,2,40,32,Time table 20201.pdf
20201,Fall 2020,700016,3,40,31,Time table 20201.pdf
20201,Fall 2020,700016,4,40,33,Time table 20201.pdf
20201,Fall 2020,700016,5,40,5,Time table 20201.pdf
20201,Fall 2020,700017,1,40,32,Time table 20201.pdf
20201,Fall 2020,700017,2,40,32,Time table 20201.pdf
20201,Fall 2020,700017,3,40,31,Time table 20201.pdf
20201,Fall 2020,700017,4,40,33,Time table 20201.pdf
20201,Fall 2020,700017,5,40,5,Time table 20201.pdf
20201,Fall 2020,700018,1,40,32,Time table 20201.pdf
20201,Fall 2020,700018,2,40,32,Time table 20201.pdf
20201,Fall 2020,700018,3,40,31,Time table 20201.pdf
20201,Fall 2020,700018,4,40,33,Time table 20201.pdf
20201,Fall 2020,700018,5,40,5,Time table 20201.pdf
20201,Fall 2020,700021,1,40,29,Time table 20201.pdf
20201,Fall 2020,700021,2,40,30,Time table 20201.pdf
20201,Fall 2020,700022,1,40,29,Time table 20201.pdf
20201,Fall 2020,700022,2,40,30,Time table 20201.pdf
20201,Fall 2020,700023,1,40,29,Time table 20201.pdf
20201,Fall 2020,700023,2,40,30,Time table 20201.pdf
20201,Fall 2020,700027,1,40,28,Time table 20201.pdf
20201,Fall 2020,700027,2,40,31,Time table 20201.pdf
20201,Fall 2020,700028,1,40,29,Time table 20201.pdf
20201,Fall 2020,700028,2,40,30,Time table 20201.pdf
20201,Fall 2020,700031,1,40,9,Time table 20201.pdf
20201,Fall 2020,700031,2,40,29,Time table 20201.pdf
20201,Fall 2020,700032,1,40,29,Time table 20201.pdf
20201,Fall 2020,700032,2,40,9,Time table 20201.pdf
20201,Fall 2020,700033,1,40,30,Time table 20201.pdf
20201,Fall 2020,700033,2,40,7,Time table 20201.pdf
20201,Fall 2020,700034,1,40,29,Time table 20201.pdf
20201,Fall 2020,700034,2,40,9,Time table 20201.pdf
20201,Fall 2020,700037,1,40,15,Time table 20201.pdf
20201,Fall 2020,700037,2,40,9,Time table 20201.pdf
20201,Fall 2020,700038,1,40,24,Time table 20201.pdf
20201,Fall 2020,700038,2,40,9,Time table 20201.pdf
20201,Fall 2020,701101,1,60,62,Time table 20201.pdf
20201,Fall 2020,701101,2,60,64,Time table 20201.pdf
20201,Fall 2020,701101,3,60,41,Time table 20201.pdf
20201,Fall 2020,701102,1,60,35,Time table 20201.pdf
20201,Fall 2020,701102,2,60,39,Time table 20201.pdf
20201,Fall 2020,701103,1,60,64,Time table 20201.pdf
20201,Fall 2020,701103,2,60,65,Time table 20201.pdf
20201,Fall 2020,701105,1,60,71,Time table 20201.pdf
20201,Fall 2020,701105,2,60,77,Time table 20201.pdf
20201,Fall 2020,701108,1,40,38,Time table 20201.pdf
20201,Fall 2020,701122,1,60,64,Time table 20201.pdf
20201,Fall 2020,802101,1,18,18,Time table 20201.pdf
20201,Fall 2020,803202,1,30,17,Time table 20201.pdf
20201,Fall 2020,803203,1,24,17,Time table 20201.pdf
20201,Fall 2020,803302,1,24,15,Time table 20201.pdf
20201,Fall 2020,803402,1,18,14,Time table 20201.pdf
20212,Spring 2021,102101,1,40,42,Timetable 20212.pdf
20212,Spring 2021,102101,2,40,47,Timetable 20212.pdf
20212,Spring 2021,102101,3,35,9,Timetable 20212.pdf
20212,Spring 2021,102102,1,40,44,Timetable 20212.pdf
20212,Spring 2021,102103,1,40,47,Timetable 20212.pdf
20212,Spring 2021,102103,2,16,12,Timetable 20212.pdf
20212,Spring 2021,102104,1,40,45,Timetable 20212.pdf
20212,Spring 2021,102104,2,16,5,Timetable 20212.pdf
20212,Spring 2021,102106,1,40,43,Timetable 20212.pdf
20212,Spring 2021,102106,2,40,41,Timetable 20212.pdf
20212,Spring 2021,102106,3,30,42,Timetable 20212.pdf
20212,Spring 2021,102201,1,40,45,Timetable 20212.pdf
20212,Spring 2021,102201,2,40,43,Timetable 20212.pdf
20212,Spring 2021,102201,3,14,8,Timetable 20212.pdf
20212,Spring 2021,102202,1,14,14,Timetable 20212.pdf
20212,Spring 2021,103201,1,40,45,Timetable 20212.pdf
20212,Spring 2021,103201,2,16,9,Timetable 20212.pdf
20212,Spring 2021,103202,1,40,44,Timetable 20212.pdf
20212,Spring 2021,103202,2,40,44,Timetable 20212.pdf
20212,Spring 2021,103202,3,35,46,Timetable 20212.pdf
20212,Spring 2021,103204,1,12,12,Timetable 20212.pdf
20212,Spring 2021,103204,2,12,9,Timetable 20212.pdf
20212,Spring 2021,103205,1,40,49,Timetable 20212.pdf
20212,Spring 2021,103209,1,40,48,Timetable 20212.pdf
20212,Spring 2021,103210,1,14,13,Timetable 20212.pdf
20212,Spring 2021,103211,1,14,11,Timetable 20212.pdf
20212,Spring 2021,103301,1,40,46,Timetable 20212.pdf
20212,Spring 2021,103303,1,14,14,Timetable 20212.pdf
20212,Spring 2021,103308,1,40,45,Timetable 20212.pdf
20212,Spring 2021,103401,1,40,48,Timetable 20212.pdf
20212,Spring 2021,103403,1,14,17,Timetable 20212.pdf
20212,Spring 2021,103404,1,40,48,Timetable 20212.pdf
20212,Spring 2021,103405,1,1,21,Timetable 20212.pdf
20212,Spring 2021,103406,1,25,9,Timetable 20212.pdf
20212,Spring 2021,103408,1,14,4,Timetable 20212.pdf
20212,Spring 2021,103409,1,14,10,Timetable 20212.pdf
20212,Spring 2021,202101,1,40,43,Timetable 20212.pdf
20212,Spring 2021,202101,2,40,45,Timetable 20212.pdf
20212,Spring 2021,202102,1,40,43,Timetable 20212.pdf
20212,Spring 2021,202102,2,35,30,Timetable 20212.pdf
20212,Spring 2021,203201,1,14,9,Timetable 20212.pdf
20212,Spring 2021,203202,1,14,14,Timetable 20212.pdf
20212,Spring 2021,203203,1,14,8,Timetable 20212.pdf
20212,Spring 2021,203205,2,14,14,Timetable 20212.pdf
20212,Spring 2021,203206,1,14,14,Timetable 20212.pdf
20212,Spring 2021,203207,1,40,46,Timetable 20212.pdf
20212,Spring 2021,203208,1,14,11,Timetable 20212.pdf
20212,Spring 2021,203210,1,10,8,Timetable 20212.pdf
20212,Spring 2021,203301,1,14,14,Timetable 20212.pdf
20212,Spring 2021,203302,1,14,12,Timetable 20212.pdf
20212,Spring 2021,203303,1,40,40,Timetable 20212.pdf
20212,Spring 2021,203304,1,40,38,Timetable 20212.pdf
20212,Spring 2021,203305,1,14,10,Timetable 20212.pdf
20212,Spring 2021,203401,1,40,41,Timetable 20212.pdf
20212,Spring 2021,203402,1,40,33,Timetable 20212.pdf
20212,Spring 2021,203403,1,14,15,Timetable 20212.pdf
20212,Spring 2021,203405,1,1,30,Timetable 20212.pdf
20212,Spring 2021,203406,1,40,49,Timetable 20212.pdf
20212,Spring 2021,203408,1,14,13,Timetable 20212.pdf
20212,Spring 2021,302201,1,40,48,Timetable 20212.pdf
20212,Spring 2021,303202,1,14,14,Timetable 20212.pdf
20212,Spring 2021,303203,1,40,51,Timetable 20212.pdf
20212,Spring 2021,303210,1,14,10,Timetable 20212.pdf
20212,Spring 2021,303301,1,14,8,Timetable 20212.pdf
20212,Spring 2021,303303,1,40,24,Timetable 20212.pdf
20212,Spring 2021,303304,1,14,12,Timetable 20212.pdf
20212,Spring 2021,303306,1,14,15,Timetable 20212.pdf
20212,Spring 2021,303401,1,14,7,Timetable 20212.pdf
20212,Spring 2021,303403,1,14,8,Timetable 20212.pdf
20212,Spring 2021,303407,1,14,9,Timetable 20212.pdf
20212,Spring 2021,403201,1,40,44,Timetable 20212.pdf
20212,Spring 2021,403201,2,40,43,Timetable 20212.pdf
20212,Spring 2021,403202,1,14,5,Timetable 20212.pdf
20212,Spring 2021,403203,1,14,10,Timetable 20212.pdf
20212,Spring 2021,403204,1,14,10,Timetable 20212.pdf
20212,Spring 2021,403302,1,40,25,Timetable 20212.pdf
20212,Spring 2021,403307,1,14,14,Timetable 20212.pdf
20212,Spring 2021,403308,1,40,14,Timetable 20212.pdf
20212,Spring 2021,403401,1,40,49,Timetable 20212.pdf
20212,Spring 2021,403402,1,40,30,Timetable 20212.pdf
20212,Spring 2021,403403,1,14,11,Timetable 20212.pdf
20212,Spring 2021,403405,1,14,4,Timetable 20212.pdf
20212,Spring 2021,500011,1,40,32,Timetable 20212.pdf
20212,Spring 2021,500011,2,40,5,Timetable 20212.pdf
20212,Spring 2021,500021,1,40,33,Timetable 20212.pdf
20212,Spring 2021,500021,2,40,37,Timetable 20212.pdf
20212,Spring 2021,500021,3,40,37,Timetable 20212.pdf
20212,Spring 2021,500021,4,40,38,Timetable 20212.pdf
20212,Spring 2021,500021,5,40,28,Timetable 20212.pdf
20212,Spring 2021,500021,6,40,9,Timetable 20212.pdf
20212,Spring 2021,500022,1,40,31,Timetable 20212.pdf
20212,Spring 2021,500022,2,40,30,Timetable 20212.pdf
20212,Spring 2021,500022,3,40,31,Timetable 20212.pdf
20212,Spring 2021,500022,4,40,26,Timetable 20212.pdf
20212,Spring 2021,500022,5,40,24,Timetable 20212.pdf
20212,Spring 2021,500022,6,40,28,Timetable 20212.pdf
20212,Spring 2021,500023,7,40,38,Timetable 20212.pdf
20212,Spring 2021,500033,1,40,24,Timetable 20212.pdf
20212,Spring 2021,500033,2,40,17,Timetable 20212.pdf
20212,Spring 2021,500033,3,40,10,Timetable 20212.pdf
20212,Spring 2021,502101,1,18,20,Timetable 20212.pdf
20212,Spring 2021,502103,1,18,28,Timetable 20212.pdf
20212,Spring 2021,502105,1,40,38,Timetable 20212.pdf
20212,Spring 2021,502202,1,10,21,Timetable 20212.pdf
20212,Spring 2021,502203,1,14,9,Timetable 20212.pdf
20212,Spring 2021,502301,1,40,43,Timetable 20212.pdf
20212,Spring 2021,502302,1,40,47,Timetable 20212.pdf
20212,Spring 2021,503202,1,14,5,Timetable 20212.pdf
20212,Spring 2021,503203,1,18,7,Timetable 20212.pdf
20212,Spring 2021,503204,1,10,22,Timetable 20212.pdf
20212,Spring 2021,503205,1,10,12,Timetable 20212.pdf
20212,Spring 2021,503206,1,40,46,Timetable 20212.pdf
20212,Spring 2021,503301,1,14,7,Timetable 20212.pdf
20212,Spring 2021,503302,1,10,10,Timetable 20212.pdf
20212,Spring 2021,503303,1,10,8,Timetable 20212.pdf
20212,Spring 2021,503305,1,10,9,Timetable 20212.pdf
20212,Spring 2021,503401,1,14,20,Timetable 20212.pdf
20212,Spring 2021,503403,1,14,10,Timetable 20212.pdf
20212,Spring 2021,503405,1,14,13,Timetable 20212.pdf
20212,Spring 2021,503409,1,14,11,Timetable 20212.pdf
20212,Spring 2021,503419,1,10,7,Timetable 20212.pdf
20212,Spring 2021,602101,1,23,25,Timetable 20212.pdf
20212,Spring 2021,602101,2,23,24,Timetable 20212.pdf
20212,Spring 2021,602101,3,21,14,Timetable 20212.pdf
20212,Spring 2021,602102,1,23,25,Timetable 20212.pdf
20212,Spring 2021,602102,2,23,22,Timetable 20212.pdf
20212,Spring 2021,602103,1,40,48,Timetable 20212.pdf
20212,Spring 2021,602103,2,40,44,Timetable 20212.pdf
20212,Spring 2021,602104,1,40,32,Timetable 20212.pdf
20212,Spring 2021,602104,2,40,0,Timetable 20212.pdf
20212,Spring 2021,602105,1,60,62,Timetable 20212.pdf
20212,Spring 2021,602201,2,21,20,Timetable 20212.pdf
20212,Spring 2021,602201,3,21,28,Timetable 20212.pdf
20212,Spring 2021,602202,1,23,25,Timetable 20212.pdf
20212,Spring 2021,602202,2,21,18,Timetable 20212.pdf
20212,Spring 2021,602202,3,23,15,Timetable 20212.pdf
20212,Spring 2021,602202,4,23,15,Timetable 20212.pdf
20212,Spring 2021,602205,1,29,26,Timetable 20212.pdf
20212,Spring 2021,603201,1,21,25,Timetable 20212.pdf
20212,Spring 2021,603202,1,10,20,Timetable 20212.pdf
20212,Spring 2021,603206,1,21,25,Timetable 20212.pdf
20212,Spring 2021,603207,1,60,63,Timetable 20212.pdf
20212,Spring 2021,603301,1,21,25,Timetable 20212.pdf
20212,Spring 2021,603302,1,21,13,Timetable 20212.pdf
20212,Spring 2021,603303,1,21,21,Timetable 20212.pdf
20212,Spring 2021,603304,1,21,16,Timetable 20212.pdf
20212,Spring 2021,603306,1,21,18,Timetable 20212.pdf
20212,Spring 2021,603309,1,20,20,Timetable 20212.pdf
20212,Spring 2021,603402,1,40,10,Timetable 20212.pdf
20212,Spring 2021,603404,1,21,16,Timetable 20212.pdf
20212,Spring 2021,603405,1,21,10,Timetable 20212.pdf
20212,Spring 2021,603406,1,21,4,Timetable 20212.pdf
20212,Spring 2021,700011,1,40,26,Timetable 20212.pdf
20212,Spring 2021,700011,2,40,3,Timetable 20212.pdf
20212,Spring 2021,700012,1,40,31,Timetable 20212.pdf
20212,Spring 2021,700012,2,40,3,Timetable 20212.pdf
20212,Spring 2021,700013,1,40,32,Timetable 20212.pdf
20212,Spring 2021,700013,2,40,3,Timetable 20212.pdf
20212,Spring 2021,700016,1,40,27,Timetable 20212.pdf
20212,Spring 2021,700016,2,40,3,Timetable 20212.pdf
20212,Spring 2021,700017,1,40,29,Timetable 20212.pdf
20212,Spring 2021,700017,2,40,3,Timetable 20212.pdf
20212,Spring 2021,700018,1,40,24,Timetable 20212.pdf
20212,Spring 2021,700018,2,40,3,Timetable 20212.pdf
20212,Spring 2021,700021,1,40,31,Timetable 20212.pdf
20212,Spring 2021,700021,2,40,36,Timetable 20212.pdf
20212,Spring 2021,700021,3,40,36,Timetable 20212.pdf
20212,Spring 2021,700021,4,40,36,Timetable 20212.pdf
20212,Spring 2021,700021,5,40,29,Timetable 20212.pdf
20212,Spring 2021,700021,6,40,5,Timetable 20212.pdf
20212,Spring 2021,700022,1,40,30,Timetable 20212.pdf
20212,Spring 2021,700022,2,40,34,Timetable 20212.pdf
20212,Spring 2021,700022,3,40,35,Timetable 20212.pdf
20212,Spring 2021,700022,4,40,36,Timetable 20212.pdf
20212,Spring 2021,700022,5,40,28,Timetable 20212.pdf
20212,Spring 2021,700022,6,40,6,Timetable 20212.pdf
20212,Spring 2021,700023,1,40,32,Timetable 20212.pdf
20212,Spring 2021,700023,2,40,32,Timetable 20212.pdf
20212,Spring 2021,700023,3,40,33,Timetable 20212.pdf
20212,Spring 2021,700023,4,40,36,Timetable 20212.pdf
20212,Spring 2021,700023,5,40,29,Timetable 20212.pdf
20212,Spring 2021,700023,6,40,6,Timetable 20212.pdf
20212,Spring 2021,700027,1,40,32,Timetable 20212.pdf
20212,Spring 2021,700027,2,40,34,Timetable 20212.pdf
20212,Spring 2021,700027,3,40,34,Timetable 20212.pdf
20212,Spring 2021,700027,4,40,36,Timetable 20212.pdf
20212,Spring 2021,700027,5,40,29,Timetable 20212.pdf
20212,Spring 2021,700027,6,40,6,Timetable 20212.pdf
20212,Spring 2021,700028,1,40,33,Timetable 20212.pdf
20212,Spring 2021,700028,2,40,33,Timetable 20212.pdf
20212,Spring 2021,700028,3,40,36,Timetable 20212.pdf
20212,Spring 2021,700028,4,40,39,Timetable 20212.pdf
20212,Spring 2021,700028,5,40,29,Timetable 20212.pdf
20212,Spring 2021,700028,6,40,6,Timetable 20212.pdf
20212,Spring 2021,700031,1,40,32,Timetable 20212.pdf
20212,Spring 2021,700031,2,40,39,Timetable 20212.pdf
20212,Spring 2021,700031,3,40,7,Timetable 20212.pdf
20212,Spring 2021,700032,1,40,35,Timetable 20212.pdf
20212,Spring 2021,700032,2,40,43,Timetable 20212.pdf
20212,Spring 2021,700032,3,40,9,Timetable 20212.pdf
20212,Spring 2021,700033,1,40,32,Timetable 20212.pdf
20212,Spring 2021,700033,2,40,39,Timetable 20212.pdf
20212,Spring 2021,700033,3,40,6,Timetable 20212.pdf
20212,Spring 2021,700034,1,40,32,Timetable 20212.pdf
20212,Spring 2021,700034,2,40,39,Timetable 20212.pdf
20212,Spring 2021,700034,3,40,8,Timetable 20212.pdf
20212,Spring 2021,700037,1,40,32,Timetable 20212.pdf
20212,Spring 2021,700037,2,40,39,Timetable 20212.pdf
20212,Spring 2021,700037,3,40,8,Timetable 20212.pdf
20212,Spring 2021,700038,1,40,35,Timetable 20212.pdf
20212,Spring 2021,700038,2,40,39,Timetable 20212.pdf
20212,Spring 2021,700038,3,40,9,Timetable 20212.pdf
20212,Spring 2021,701101,1,40,46,Timetable 20212.pdf
20212,Spring 2021,701101,2,40,47,Timetable 20212.pdf
20212,Spring 2021,701101,3,10,46,Timetable 20212.pdf
20212,Spring 2021,701102,1,16,5,Timetable 20212.pdf
20212,Spring 2021,701103,1,40,36,Timetable 20212.pdf
20212,Spring 2021,701105,1,80,83,Timetable 20212.pdf
20212,Spring 2021,701108,1,80,82,Timetable 20212.pdf
20212,Spring 2021,701112,1,80,81,Timetable 20212.pdf
20212,Spring 2021,701117,1,80,82,Timetable 20212.pdf
20212,Spring 2021,701117,2,80,83,Timetable 20212.pdf
20212,Spring 2021,802101,1,40,46,Timetable 20212.pdf
20212,Spring 2021,803201,1,40,42,Timetable 20212.pdf
20212,Spring 2021,803303,1,40,54,Timetable 20212.pdf
20212,Spring 2021,803304,1,14,15,Timetable 20212.pdf
20212,Spring 2021,803401,1,40,54,Timetable 20212.pdf
20212,Spring 2021,803403,1,14,20,Timetable 20212.pdf
20212,Spring 2021,803405,1,10,13,Timetable 20212.pdf
20211,Fall 2021,102101,1,60,62,Time table 20211.pdf
20211,Fall 2021,102101,2,60,61,Time table 20211.pdf
20211,Fall 2021,102102,1,60,60,Time table 20211.pdf
20211,Fall 2021,102103,1,60,59,Time table 20211.pdf
20211,Fall 2021,102104,1,60,71,Time table 20211.pdf
20211,Fall 2021,102106,1,60,97,Time table 20211.pdf
20211,Fall 2021,102106,2,16,21,Time table 20211.pdf
20211,Fall 2021,102201,1,60,85,Time table 20211.pdf
20211,Fall 2021,102202,1,14,15,Time table 20211.pdf
20211,Fall 2021,103201,1,60,70,Time table 20211.pdf
20211,Fall 2021,103202,1,60,86,Time table 20211.pdf
20211,Fall 2021,103202,2,60,80,Time table 20211.pdf
20211,Fall 2021,103203,1,60,19,Time table 20211.pdf
20211,Fall 2021,103204,1,14,16,Time table 20211.pdf
20211,Fall 2021,103204,2,12,6,Time table 20211.pdf
20211,Fall 2021,103205,1,60,66,Time table 20211.pdf
20211,Fall 2021,103209,1,60,31,Time table 20211.pdf
20211,Fall 2021,103209,2,14,15,Time table 20211.pdf
20211,Fall 2021,103210,1,60,37,Time table 20211.pdf
20211,Fall 2021,103211,1,14,15,Time table 20211.pdf
20211,Fall 2021,103211,2,14,11,Time table 20211.pdf
20211,Fall 2021,103303,1,60,33,Time table 20211.pdf
20211,Fall 2021,103308,1,60,50,Time table 20211.pdf
20211,Fall 2021,103313,1,60,24,Time table 20211.pdf
20211,Fall 2021,103401,1,13,14,Time table 20211.pdf
20211,Fall 2021,103403,1,14,11,Time table 20211.pdf
20211,Fall 2021,103404,1,14,16,Time table 20211.pdf
20211,Fall 2021,103405,2,10,8,Time table 20211.pdf
20211,Fall 2021,103407,1,14,13,Time table 20211.pdf
20211,Fall 2021,103407,3,14,10,Time table 20211.pdf
20211,Fall 2021,103408,1,14,16,Time table 20211.pdf
20211,Fall 2021,103409,1,14,15,Time table 20211.pdf
20211,Fall 2021,202101,1,60,81,Time table 20211.pdf
20211,Fall 2021,202102,1,60,64,Time table 20211.pdf
20211,Fall 2021,203201,1,60,37,Time table 20211.pdf
20211,Fall 2021,203202,1,14,13,Time table 20211.pdf
20211,Fall 2021,203203,1,18,18,Time table 20211.pdf
20211,Fall 2021,203203,2,60,34,Time table 20211.pdf
20211,Fall 2021,203205,1,14,14,Time table 20211.pdf
20211,Fall 2021,203205,2,60,29,Time table 20211.pdf
20211,Fall 2021,203206,1,14,15,Time table 20211.pdf
20211,Fall 2021,203207,1,14,17,Time table 20211.pdf
20211,Fall 2021,203208,1,14,17,Time table 20211.pdf
20211,Fall 2021,203209,1,14,17,Time table 20211.pdf
20211,Fall 2021,203210,1,14,15,Time table 20211.pdf
20211,Fall 2021,203301,1,14,15,Time table 20211.pdf
20211,Fall 2021,203302,1,13,12,Time table 20211.pdf
20211,Fall 2021,203303,2,14,14,Time table 20211.pdf
20211,Fall 2021,203304,1,14,15,Time table 20211.pdf
20211,Fall 2021,203305,1,14,17,Time table 20211.pdf
20211,Fall 2021,203401,1,60,37,Time table 20211.pdf
20211,Fall 2021,203403,1,14,16,Time table 20211.pdf
20211,Fall 2021,203404,1,14,10,Time table 20211.pdf
20211,Fall 2021,203405,2,20,24,Time table 20211.pdf
20211,Fall 2021,203408,1,18,18,Time table 20211.pdf
20211,Fall 2021,302201,1,60,71,Time table 20211.pdf
20211,Fall 2021,303202,1,14,15,Time table 20211.pdf
20211,Fall 2021,303203,1,14,20,Time table 20211.pdf
20211,Fall 2021,303205,1,13,14,Time table 20211.pdf
20211,Fall 2021,303302,1,14,9,Time table 20211.pdf
20211,Fall 2021,303303,1,14,11,Time table 20211.pdf
20211,Fall 2021,303304,1,14,16,Time table 20211.pdf
20211,Fall 2021,303305,1,14,14,Time table 20211.pdf
20211,Fall 2021,303306,1,14,15,Time table 20211.pdf
20211,Fall 2021,303402,1,14,13,Time table 20211.pdf
20211,Fall 2021,403201,1,60,84,Time table 20211.pdf
20211,Fall 2021,403202,1,14,11,Time table 20211.pdf
20211,Fall 2021,403304,1,14,10,Time table 20211.pdf
20211,Fall 2021,403308,1,30,26,Time table 20211.pdf
20211,Fall 2021,403401,1,14,14,Time table 20211.pdf
20211,Fall 2021,403402,1,60,54,Time table 20211.pdf
20211,Fall 2021,403406,1,14,7,Time table 20211.pdf
20211,Fall 2021,403408,1,16,1,Time table 20211.pdf
20211,Fall 2021,500011,1,80,66,Time table 20211.pdf
20211,Fall 2021,500011,3,50,32,Time table 20211.pdf
20211,Fall 2021,500011,4,50,24,Time table 20211.pdf
20211,Fall 2021,500011,5,15,25,Time table 20211.pdf
20211,Fall 2021,500021,1,24,23,Time table 20211.pdf
20211,Fall 2021,500021,2,24,25,Time table 20211.pdf
20211,Fall 2021,500021,3,24,22,Time table 20211.pdf
20211,Fall 2021,500021,4,15,10,Time table 20211.pdf
20211,Fall 2021,500022,2,24,10,Time table 20211.pdf
20211,Fall 2021,500022,3,24,8,Time table 20211.pdf
20211,Fall 2021,500022,4,15,7,Time table 20211.pdf
20211,Fall 2021,500023,1,50,25,Time table 20211.pdf
20211,Fall 2021,500033,1,40,40,Time table 20211.pdf
20211,Fall 2021,500033,2,80,46,Time table 20211.pdf
20211,Fall 2021,500033,3,50,48,Time table 20211.pdf
20211,Fall 2021,502103,1,22,24,Time table 20211.pdf
20211,Fall 2021,502105,1,60,56,Time table 20211.pdf
20211,Fall 2021,502301,1,60,62,Time table 20211.pdf
20211,Fall 2021,502302,1,13,10,Time table 20211.pdf
20211,Fall 2021,503203,1,16,14,Time table 20211.pdf
20211,Fall 2021,503204,1,32,32,Time table 20211.pdf
20211,Fall 2021,503206,1,22,24,Time table 20211.pdf
20211,Fall 2021,503210,1,20,19,Time table 20211.pdf
20211,Fall 2021,503301,1,14,9,Time table 20211.pdf
20211,Fall 2021,503302,1,16,16,Time table 20211.pdf
20211,Fall 2021,503304,1,16,12,Time table 20211.pdf
20211,Fall 2021,503305,2,12,5,Time table 20211.pdf
20211,Fall 2021,503402,1,22,13,Time table 20211.pdf
20211,Fall 2021,503404,1,20,23,Time table 20211.pdf
20211,Fall 2021,503407,1,60,50,Time table 20211.pdf
20211,Fall 2021,503409,2,22,22,Time table 20211.pdf
20211,Fall 2021,503416,1,60,64,Time table 20211.pdf
20211,Fall 2021,602101,1,35,43,Time table 20211.pdf
20211,Fall 2021,602102,1,35,45,Time table 20211.pdf
20211,Fall 2021,602102,2,35,38,Time table 20211.pdf
20211,Fall 2021,602103,1,24,22,Time table 20211.pdf
20211,Fall 2021,602106,1,35,45,Time table 20211.pdf
20211,Fall 2021,602204,1,24,12,Time table 20211.pdf
20211,Fall 2021,603201,1,22,24,Time table 20211.pdf
20211,Fall 2021,603202,1,25,22,Time table 20211.pdf
20211,Fall 2021,603203,1,22,23,Time table 20211.pdf
20211,Fall 2021,603205,1,24,21,Time table 20211.pdf
20211,Fall 2021,603206,1,19,24,Time table 20211.pdf
20211,Fall 2021,603208,1,24,16,Time table 20211.pdf
20211,Fall 2021,603301,1,10,16,Time table 20211.pdf
20211,Fall 2021,603302,1,12,12,Time table 20211.pdf
20211,Fall 2021,603307,1,24,24,Time table 20211.pdf
20211,Fall 2021,603308,1,20,18,Time table 20211.pdf
20211,Fall 2021,603309,1,15,7,Time table 20211.pdf
20211,Fall 2021,603311,1,24,24,Time table 20211.pdf
20211,Fall 2021,603312,1,35,68,Time table 20211.pdf
20211,Fall 2021,603405,1,15,7,Time table 20211.pdf
20211,Fall 2021,603406,1,10,5,Time table 20211.pdf
20211,Fall 2021,700011,1,50,41,Time table 20211.pdf
20211,Fall 2021,700011,2,50,45,Time table 20211.pdf
20211,Fall 2021,700011,3,50,38,Time table 20211.pdf
20211,Fall 2021,700011,4,50,36,Time table 20211.pdf
20211,Fall 2021,700011,5,15,5,Time table 20211.pdf
20211,Fall 2021,700012,1,50,40,Time table 20211.pdf
20211,Fall 2021,700012,2,50,45,Time table 20211.pdf
20211,Fall 2021,700012,3,50,39,Time table 20211.pdf
20211,Fall 2021,700012,5,15,5,Time table 20211.pdf
20211,Fall 2021,700012,6,50,36,Time table 20211.pdf
20211,Fall 2021,700013,1,50,40,Time table 20211.pdf
20211,Fall 2021,700013,2,50,45,Time table 20211.pdf
20211,Fall 2021,700013,3,50,39,Time table 20211.pdf
20211,Fall 2021,700013,4,50,36,Time table 20211.pdf
20211,Fall 2021,700013,5,15,5,Time table 20211.pdf
20211,Fall 2021,700016,1,50,40,Time table 20211.pdf
20211,Fall 2021,700016,2,50,45,Time table 20211.pdf
20211,Fall 2021,700016,3,50,39,Time table 20211.pdf
20211,Fall 2021,700016,4,50,36,Time table 20211.pdf
20211,Fall 2021,700016,5,15,5,Time table 20211.pdf
20211,Fall 2021,700017,1,50,41,Time table 20211.pdf
20211,Fall 2021,700017,2,50,45,Time table 20211.pdf
20211,Fall 2021,700017,3,50,38,Time table 20211.pdf
20211,Fall 2021,700017,4,50,36,Time table 20211.pdf
20211,Fall 2021,700017,5,15,5,Time table 20211.pdf
20211,Fall 2021,700018,1,50,40,Time table 20211.pdf
20211,Fall 2021,700018,2,50,45,Time table 20211.pdf
20211,Fall 2021,700018,3,50,39,Time table 20211.pdf
20211,Fall 2021,700018,4,50,36,Time table 20211.pdf
20211,Fall 2021,700018,5,15,5,Time table 20211.pdf
20211,Fall 2021,700021,1,24,23,Time table 20211.pdf
20211,Fall 2021,700021,2,24,24,Time table 20211.pdf
20211,Fall 2021,700021,3,24,21,Time table 20211.pdf
20211,Fall 2021,700021,4,15,3,Time table 20211.pdf
20211,Fall 2021,700022,1,24,24,Time table 20211.pdf
20211,Fall 2021,700022,2,24,24,Time table 20211.pdf
20211,Fall 2021,700022,3,24,23,Time table 20211.pdf
20211,Fall 2021,700022,4,15,3,Time table 20211.pdf
20211,Fall 2021,700023,1,24,22,Time table 20211.pdf
20211,Fall 2021,700023,2,24,26,Time table 20211.pdf
20211,Fall 2021,700023,3,24,20,Time table 20211.pdf
20211,Fall 2021,700023,4,15,3,Time table 20211.pdf
20211,Fall 2021,700027,1,24,21,Time table 20211.pdf
20211,Fall 2021,700027,2,24,25,Time table 20211.pdf
20211,Fall 2021,700027,3,24,22,Time table 20211.pdf
20211,Fall 2021,700027,4,15,3,Time table 20211.pdf
20211,Fall 2021,700028,1,24,23,Time table 20211.pdf
20211,Fall 2021,700028,2,24,26,Time table 20211.pdf
20211,Fall 2021,700028,3,24,20,Time table 20211.pdf
20211,Fall 2021,700028,4,15,3,Time table 20211.pdf
20211,Fall 2021,700031,1,50,40,Time table 20211.pdf
20211,Fall 2021,700031,2,50,37,Time table 20211.pdf
20211,Fall 2021,700031,3,50,38,Time table 20211.pdf
20211,Fall 2021,700032,1,50,37,Time table 20211.pdf
20211,Fall 2021,700032,2,50,40,Time table 20211.pdf
20211,Fall 2021,700032,3,50,36,Time table 20211.pdf
20211,Fall 2021,700033,1,50,41,Time table 20211.pdf
20211,Fall 2021,700033,2,50,38,Time table 20211.pdf
20211,Fall 2021,700033,3,50,37,Time table 20211.pdf
20211,Fall 2021,700034,1,50,39,Time table 20211.pdf
20211,Fall 2021,700034,2,50,39,Time table 20211.pdf
20211,Fall 2021,700034,3,50,36,Time table 20211.pdf
20211,Fall 2021,700037,1,50,40,Time table 20211.pdf
20211,Fall 2021,700037,2,50,37,Time table 20211.pdf
20211,Fall 2021,700037,3,50,38,Time table 20211.pdf
20211,Fall 2021,700038,1,50,38,Time table 20211.pdf
20211,Fall 2021,700038,2,50,40,Time table 20211.pdf
20211,Fall 2021,700038,3,50,39,Time table 20211.pdf
20211,Fall 2021,701101,1,60,73,Time table 20211.pdf
20211,Fall 2021,701101,2,60,67,Time table 20211.pdf
20211,Fall 2021,701102,1,60,18,Time table 20211.pdf
20211,Fall 2021,701103,1,60,40,Time table 20211.pdf
20211,Fall 2021,701105,1,60,97,Time table 20211.pdf
20211,Fall 2021,701108,1,60,95,Time table 20211.pdf
20211,Fall 2021,701112,1,60,93,Time table 20211.pdf
20211,Fall 2021,802101,1,60,58,Time table 20211.pdf
20211,Fall 2021,803202,1,16,10,Time table 20211.pdf
20211,Fall 2021,803203,1,60,33,Time table 20211.pdf
20211,Fall 2021,803301,1,20,30,Time table 20211.pdf
20211,Fall 2021,803402,1,60,21,Time table 20211.pdf
